V,0,391173818892521,1000000000,12:39:33:49.133,0
A,0,391173818892521,1000000000,12:39:33:49.133,0
D,0,391173818892521,1000000000,12:39:33:49.133,0
V,1,391173835554005,1000000000,12:39:33:50.133,0
V,2,391173852221648,1000000000,12:39:33:51.133,0
D,1,391173852221648,1000000000,12:39:33:51.133,0
V,3,391173868902423,1000000000,12:39:33:52.134,0
V,4,391173885555864,1000000000,12:39:33:53.133,0
D,2,391173885555865,1000000000,12:39:33:53.133,0
V,5,391173902223548,1000000000,12:39:33:54.133,0
V,6,391173918896823,1000000000,12:39:33:55.133,0
D,3,391173918896824,1000000000,12:39:33:55.133,0
V,7,391173935558433,1000000000,12:39:33:56.133,0
V,8,391173952238874,1000000000,12:39:33:57.134,0
D,4,391173952238874,1000000000,12:39:33:57.134,0
V,9,391173968906475,1000000000,12:39:33:58.134,0
V,10,391173985572258,1000000000,12:39:33:59.134,0
D,5,391173985572258,1000000000,12:39:33:59.134,0
V,11,391174002239943,1000000000,12:39:34:00.134,0
V,12,391174018896842,1000000000,12:39:34:01.133,0
D,6,391174018896842,1000000000,12:39:34:01.133,0
V,13,391174035561367,1000000000,12:39:34:02.133,0
V,14,391174052233517,1000000000,12:39:34:03.134,0
D,7,391174052233517,1000000000,12:39:34:03.134,0
V,15,391174068901202,1000000000,12:39:34:04.134,0
V,16,391174085566643,1000000000,12:39:34:05.133,0
D,8,391174085566643,1000000000,12:39:34:05.133,0
V,17,391174102241959,1000000000,12:39:34:06.134,0
V,18,391174118905317,1000000000,12:39:34:07.134,0
D,9,391174118905317,1000000000,12:39:34:07.134,0
V,19,391174135573003,1000000000,12:39:34:08.134,0
V,20,391174152245861,1000000000,12:39:34:09.134,0
D,10,391174152245861,1000000000,12:39:34:09.134,0
V,21,391174168902386,1000000000,12:39:34:10.134,0
V,22,391174185567786,1000000000,12:39:34:11.134,0
D,11,391174185567786,1000000000,12:39:34:11.134,0
V,23,391174202234227,1000000000,12:39:34:12.134,0
V,24,391174218902461,1000000000,12:39:34:13.134,0
D,12,391174218902460,1000000000,12:39:34:13.134,0
V,25,391174235570062,1000000000,12:39:34:14.134,0
V,26,391174252242796,1000000000,12:39:34:15.134,0
D,13,391174252242796,1000000000,12:39:34:15.134,0
V,27,391174268916695,1000000000,12:39:34:16.135,0
V,28,391174285579261,1000000000,12:39:34:17.134,0
D,14,391174285579261,1000000000,12:39:34:17.134,0
V,29,391174302247070,1000000000,12:39:34:18.134,0
V,30,391174318912180,1000000000,12:39:34:19.134,0
D,15,391174318912181,1000000000,12:39:34:19.134,0
V,31,391174335585705,1000000000,12:39:34:20.135,0
V,32,391174352251062,1000000000,12:39:34:21.135,0
D,16,391174352251062,1000000000,12:39:34:21.135,0
V,33,391174368918706,1000000000,12:39:34:22.135,0
V,34,391174385580023,1000000000,12:39:34:23.134,0
D,17,391174385580023,1000000000,12:39:34:23.134,0
V,35,391174402247923,1000000000,12:39:34:24.134,0
V,36,391174418912071,1000000000,12:39:34:25.134,0
D,18,391174418912071,1000000000,12:39:34:25.134,0
V,37,391174435579675,1000000000,12:39:34:26.134,0
V,38,391174452255163,1000000000,12:39:34:27.135,0
D,19,391174452255165,1000000000,12:39:34:27.135,0
V,39,391174468922808,1000000000,12:39:34:28.135,0
V,40,391174485583249,1000000000,12:39:34:29.134,0
D,20,391174485583249,1000000000,12:39:34:29.134,0
V,41,391174502262774,1000000000,12:39:34:30.135,0
V,42,391174518934923,1000000000,12:39:34:31.136,0
D,21,391174518934924,1000000000,12:39:34:31.136,0
V,43,391174535602567,1000000000,12:39:34:32.136,0
V,44,391174552251341,1000000000,12:39:34:33.135,0
D,22,391174552251341,1000000000,12:39:34:33.135,0
V,45,391174568928950,1000000000,12:39:34:34.135,0
V,46,391174585591224,1000000000,12:39:34:35.135,0
D,23,391174585591223,1000000000,12:39:34:35.135,0
V,47,391174602274540,1000000000,12:39:34:36.136,0
V,48,391174618942100,1000000000,12:39:34:37.136,0
D,24,391174618942100,1000000000,12:39:34:37.136,0
V,49,391174635594376,1000000000,12:39:34:38.135,0
V,50,391174652258610,1000000000,12:39:34:39.135,0
D,25,391174652258610,1000000000,12:39:34:39.135,0
V,51,391174668926296,1000000000,12:39:34:40.135,0
V,52,391174685609070,1000000000,12:39:34:41.136,0
D,26,391174685609069,1000000000,12:39:34:41.136,0
V,53,391174702263802,1000000000,12:39:34:42.135,0
V,54,391174718929495,1000000000,12:39:34:43.135,0
D,27,391174718929494,1000000000,12:39:34:43.135,0
V,55,391174735597263,1000000000,12:39:34:44.135,0
V,56,391174752281586,1000000000,12:39:34:45.136,0
D,28,391174752281586,1000000000,12:39:34:45.136,0
V,57,391174768949312,1000000000,12:39:34:46.136,0
V,58,391174785606088,1000000000,12:39:34:47.136,0
D,29,391174785606088,1000000000,12:39:34:47.136,0
V,59,391174802273647,1000000000,12:39:34:48.136,0
V,60,391174818942553,1000000000,12:39:34:49.136,0
D,30,391174818942553,1000000000,12:39:34:49.136,0
V,61,391174835610154,1000000000,12:39:34:50.136,0
V,62,391174852271388,1000000000,12:39:34:51.136,0
D,31,391174852271388,1000000000,12:39:34:51.136,0
V,63,391174868952121,1000000000,12:39:34:52.137,0
V,64,391174885612354,1000000000,12:39:34:53.136,0
D,32,391174885612355,1000000000,12:39:34:53.136,0
V,65,391174902280082,1000000000,12:39:34:54.136,0
V,66,391174918944481,1000000000,12:39:34:55.136,0
D,33,391174918944481,1000000000,12:39:34:55.136,0
V,67,391174935609423,1000000000,12:39:34:56.136,0
V,68,391174952276488,1000000000,12:39:34:57.136,0
D,34,391174952276488,1000000000,12:39:34:57.136,0
V,69,391174968955348,1000000000,12:39:34:58.137,0
V,70,391174985609580,1000000000,12:39:34:59.136,0
D,35,391174985609580,1000000000,12:39:34:59.136,0
V,71,391175002277182,1000000000,12:39:35:00.136,0
V,72,391175018942415,1000000000,12:39:35:01.136,0
D,36,391175018942415,1000000000,12:39:35:01.136,0
V,73,391175035624190,1000000000,12:39:35:02.137,0
V,74,391175052282924,1000000000,12:39:35:03.136,0
D,37,391175052282924,1000000000,12:39:35:03.136,0
V,75,391175068950692,1000000000,12:39:35:04.137,0
V,76,391175085616802,1000000000,12:39:35:05.137,0
D,38,391175085616801,1000000000,12:39:35:05.137,0
V,77,391175102294367,1000000000,12:39:35:06.137,0
V,78,391175118953516,1000000000,12:39:35:07.137,0
D,39,391175118953516,1000000000,12:39:35:07.137,0
V,79,391175135621368,1000000000,12:39:35:08.137,0
V,80,391175152300726,1000000000,12:39:35:09.138,0
D,40,391175152300726,1000000000,12:39:35:09.138,0
V,81,391175168965628,1000000000,12:39:35:10.137,0
V,82,391175185621525,1000000000,12:39:35:11.137,0
D,41,391175185621525,1000000000,12:39:35:11.137,0
V,83,391175202289210,1000000000,12:39:35:12.137,0
V,84,391175218956236,1000000000,12:39:35:13.137,0
D,42,391175218956236,1000000000,12:39:35:13.137,0
V,85,391175235632970,1000000000,12:39:35:14.137,0
V,86,391175252294370,1000000000,12:39:35:15.137,0
D,43,391175252294371,1000000000,12:39:35:15.137,0
V,87,391175268970937,1000000000,12:39:35:16.138,0
V,88,391175285637043,1000000000,12:39:35:17.138,0
D,44,391175285637044,1000000000,12:39:35:17.138,0
V,89,391175302304812,1000000000,12:39:35:18.138,0
V,90,391175318967671,1000000000,12:39:35:19.138,0
D,45,391175318967671,1000000000,12:39:35:19.138,0
V,91,391175335639613,1000000000,12:39:35:20.138,0
V,92,391175352298513,1000000000,12:39:35:21.137,0
D,46,391175352298513,1000000000,12:39:35:21.137,0
V,93,391175368966280,1000000000,12:39:35:22.137,0
V,94,391175385637389,1000000000,12:39:35:23.138,0
D,47,391175385637389,1000000000,12:39:35:23.138,0
V,95,391175402298122,1000000000,12:39:35:24.137,0
V,96,391175418969565,1000000000,12:39:35:25.138,0
D,48,391175418969564,1000000000,12:39:35:25.138,0
V,97,391175435637290,1000000000,12:39:35:26.138,0
V,98,391175452303523,1000000000,12:39:35:27.138,0
D,49,391175452303523,1000000000,12:39:35:27.138,0
V,99,391175468980965,1000000000,12:39:35:28.138,0
V,100,391175485647948,1000000000,12:39:35:29.138,0
D,50,391175485647948,1000000000,12:39:35:29.138,0
V,101,391175502303597,1000000000,12:39:35:30.138,0
V,102,391175518973373,1000000000,12:39:35:31.138,0
D,51,391175518973373,1000000000,12:39:35:31.138,0
V,103,391175535641141,1000000000,12:39:35:32.138,0
V,104,391175552309500,1000000000,12:39:35:33.138,0
D,52,391175552309499,1000000000,12:39:35:33.138,0
V,105,391175568989440,1000000000,12:39:35:34.139,0
V,106,391175585642965,1000000000,12:39:35:35.138,0
D,53,391175585642965,1000000000,12:39:35:35.138,0
V,107,391175602310565,1000000000,12:39:35:36.138,0
V,108,391175618992425,1000000000,12:39:35:37.139,0
D,54,391175618992425,1000000000,12:39:35:37.139,0
V,109,391175635642324,1000000000,12:39:35:38.138,0
V,110,391175652316058,1000000000,12:39:35:39.138,0
D,55,391175652316059,1000000000,12:39:35:39.138,0
V,111,391175668983827,1000000000,12:39:35:40.139,0
V,112,391175685645476,1000000000,12:39:35:41.138,0
D,56,391175685645476,1000000000,12:39:35:41.138,0
V,113,391175702323376,1000000000,12:39:35:42.139,0
V,114,391175718991567,1000000000,12:39:35:43.139,0
D,57,391175718991568,1000000000,12:39:35:43.139,0
V,115,391175735659335,1000000000,12:39:35:44.139,0
V,116,391175752320946,1000000000,12:39:35:45.139,0
D,58,391175752320945,1000000000,12:39:35:45.139,0
V,117,391175768999259,1000000000,12:39:35:46.139,0
V,118,391175785654036,1000000000,12:39:35:47.139,0
D,59,391175785654037,1000000000,12:39:35:47.139,0
V,119,391175802337309,1000000000,12:39:35:48.140,0
V,120,391175818990960,1000000000,12:39:35:49.139,0
D,60,391175818990961,1000000000,12:39:35:49.139,0
V,121,391175835658604,1000000000,12:39:35:50.139,0
V,122,391175852322003,1000000000,12:39:35:51.139,0
D,61,391175852322004,1000000000,12:39:35:51.139,0
V,123,391175868987488,1000000000,12:39:35:52.139,0
V,124,391175885665302,1000000000,12:39:35:53.139,0
D,62,391175885665303,1000000000,12:39:35:53.139,0
V,125,391175902332988,1000000000,12:39:35:54.139,0
V,126,391175918991848,1000000000,12:39:35:55.139,0
D,63,391175918991847,1000000000,12:39:35:55.139,0
V,127,391175935661038,1000000000,12:39:35:56.139,0
V,128,391175952337772,1000000000,12:39:35:57.140,0
D,64,391175952337771,1000000000,12:39:35:57.140,0
V,129,391175969005497,1000000000,12:39:35:58.140,0
V,130,391175985661106,1000000000,12:39:35:59.139,0
D,65,391175985661106,1000000000,12:39:35:59.139,0
V,131,391176002344172,1000000000,12:39:36:00.140,0
V,132,391176019000155,1000000000,12:39:36:01.140,0
D,66,391176019000155,1000000000,12:39:36:01.140,0
V,133,391176035683182,1000000000,12:39:36:02.140,0
V,134,391176052333789,1000000000,12:39:36:03.140,0
D,67,391176052333789,1000000000,12:39:36:03.140,0
V,135,391176069001557,1000000000,12:39:36:04.140,0
V,136,391176085669583,1000000000,12:39:36:05.140,0
D,68,391176085669583,1000000000,12:39:36:05.140,0
V,137,391176102338606,1000000000,12:39:36:06.140,0
V,138,391176119008882,1000000000,12:39:36:07.140,0
D,69,391176119008883,1000000000,12:39:36:07.140,0
V,139,391176135676526,1000000000,12:39:36:08.140,0
V,140,391176152347593,1000000000,12:39:36:09.140,0
D,70,391176152347592,1000000000,12:39:36:09.140,0
V,141,391176169004784,1000000000,12:39:36:10.140,0
V,142,391176185689101,1000000000,12:39:36:11.141,0
D,71,391176185689101,1000000000,12:39:36:11.141,0
V,143,391176202356786,1000000000,12:39:36:12.141,0
V,144,391176219016851,1000000000,12:39:36:13.141,0
D,72,391176219016852,1000000000,12:39:36:13.141,0
V,145,391176235687878,1000000000,12:39:36:14.141,0
V,146,391176252348027,1000000000,12:39:36:15.140,0
D,73,391176252348027,1000000000,12:39:36:15.140,0
V,147,391176269015670,1000000000,12:39:36:16.140,0
V,148,391176285688278,1000000000,12:39:36:17.141,0
D,74,391176285688278,1000000000,12:39:36:17.141,0
V,149,391176302347678,1000000000,12:39:36:18.140,0
V,150,391176319014580,1000000000,12:39:36:19.140,0
D,75,391176319014579,1000000000,12:39:36:19.140,0
V,151,391176335694561,1000000000,12:39:36:20.141,0
V,152,391176352349962,1000000000,12:39:36:21.140,0
D,76,391176352349962,1000000000,12:39:36:21.140,0
V,153,391176369017563,1000000000,12:39:36:22.141,0
V,154,391176385686255,1000000000,12:39:36:23.141,0
D,77,391176385686255,1000000000,12:39:36:23.141,0
V,155,391176402349321,1000000000,12:39:36:24.140,0
V,156,391176419019222,1000000000,12:39:36:25.141,0
D,78,391176419019222,1000000000,12:39:36:25.141,0
V,157,391176435686948,1000000000,12:39:36:26.141,0
V,158,391176452351598,1000000000,12:39:36:27.141,0
D,79,391176452351598,1000000000,12:39:36:27.141,0
V,159,391176469020872,1000000000,12:39:36:28.141,0
V,160,391176485696440,1000000000,12:39:36:29.141,0
D,80,391176485696440,1000000000,12:39:36:29.141,0
V,161,391176502364290,1000000000,12:39:36:30.141,0
V,162,391176519038774,1000000000,12:39:36:31.142,0
D,81,391176519038773,1000000000,12:39:36:31.142,0
V,163,391176535694007,1000000000,12:39:36:32.141,0
V,164,391176552364365,1000000000,12:39:36:33.141,0
D,82,391176552364364,1000000000,12:39:36:33.141,0
V,165,391176569024266,1000000000,12:39:36:34.141,0
V,166,391176585692915,1000000000,12:39:36:35.141,0
D,83,391176585692915,1000000000,12:39:36:35.141,0
V,167,391176602360600,1000000000,12:39:36:36.141,0
V,168,391176619036791,1000000000,12:39:36:37.142,0
D,84,391176619036791,1000000000,12:39:36:37.142,0
V,169,391176635712650,1000000000,12:39:36:38.142,0
V,170,391176652377758,1000000000,12:39:36:39.142,0
D,85,391176652377758,1000000000,12:39:36:39.142,0
V,171,391176669045401,1000000000,12:39:36:40.142,0
V,172,391176685712925,1000000000,12:39:36:41.142,0
D,86,391176685712925,1000000000,12:39:36:41.142,0
V,173,391176702376743,1000000000,12:39:36:42.142,0
V,174,391176719040725,1000000000,12:39:36:43.142,0
D,87,391176719040726,1000000000,12:39:36:43.142,0
V,175,391176735708409,1000000000,12:39:36:44.142,0
V,176,391176752369769,1000000000,12:39:36:45.142,0
D,88,391176752369769,1000000000,12:39:36:45.142,0
V,177,391176769051252,1000000000,12:39:36:46.143,0
V,178,391176785707027,1000000000,12:39:36:47.142,0
D,89,391176785707027,1000000000,12:39:36:47.142,0
V,179,391176802374711,1000000000,12:39:36:48.142,0
V,180,391176819039779,1000000000,12:39:36:49.142,0
D,90,391176819039779,1000000000,12:39:36:49.142,0
V,181,391176835705012,1000000000,12:39:36:50.142,0
V,182,391176852382789,1000000000,12:39:36:51.142,0
D,91,391176852382789,1000000000,12:39:36:51.142,0
V,183,391176869043312,1000000000,12:39:36:52.142,0
V,184,391176885711963,1000000000,12:39:36:53.142,0
D,92,391176885711963,1000000000,12:39:36:53.142,0
V,185,391176902379730,1000000000,12:39:36:54.142,0
V,186,391176919047005,1000000000,12:39:36:55.142,0
D,93,391176919047005,1000000000,12:39:36:55.142,0
V,187,391176935710530,1000000000,12:39:36:56.142,0
V,188,391176952385348,1000000000,12:39:36:57.143,0
D,94,391176952385347,1000000000,12:39:36:57.143,0
V,189,391176969052906,1000000000,12:39:36:58.143,0
V,190,391176985716348,1000000000,12:39:36:59.142,0
D,95,391176985716348,1000000000,12:39:36:59.142,0
V,191,391177002386081,1000000000,12:39:37:00.143,0
V,192,391177019049273,1000000000,12:39:37:01.142,0
D,96,391177019049273,1000000000,12:39:37:01.142,0
V,193,391177035716916,1000000000,12:39:37:02.143,0
V,194,391177052388274,1000000000,12:39:37:03.143,0
D,97,391177052388273,1000000000,12:39:37:03.143,0
V,195,391177069070549,1000000000,12:39:37:04.144,0
V,196,391177085729991,1000000000,12:39:37:05.143,0
D,98,391177085729991,1000000000,12:39:37:05.143,0
V,197,391177102385350,1000000000,12:39:37:06.143,0
V,198,391177119062875,1000000000,12:39:37:07.143,0
D,99,391177119062875,1000000000,12:39:37:07.143,0
V,199,391177135730600,1000000000,12:39:37:08.143,0
V,200,391177152396585,1000000000,12:39:37:09.143,0
D,100,391177152396585,1000000000,12:39:37:09.143,0
V,201,391177169074568,1000000000,12:39:37:10.144,0
V,202,391177185732136,1000000000,12:39:37:11.143,0
D,101,391177185732136,1000000000,12:39:37:11.143,0
V,203,391177202399904,1000000000,12:39:37:12.143,0
V,204,391177219063261,1000000000,12:39:37:13.143,0
D,102,391177219063261,1000000000,12:39:37:13.143,0
V,205,391177235741953,1000000000,12:39:37:14.144,0
V,206,391177252397479,1000000000,12:39:37:15.143,0
D,103,391177252397479,1000000000,12:39:37:15.143,0
V,207,391177269065245,1000000000,12:39:37:16.143,0
V,208,391177285733479,1000000000,12:39:37:17.144,0
D,104,391177285733480,1000000000,12:39:37:17.144,0
V,209,391177302413753,1000000000,12:39:37:18.144,0
V,210,391177319070363,1000000000,12:39:37:19.144,0
D,105,391177319070362,1000000000,12:39:37:19.144,0
V,211,391177335737921,1000000000,12:39:37:20.144,0
V,212,391177352406372,1000000000,12:39:37:21.144,0
D,106,391177352406373,1000000000,12:39:37:21.144,0
V,213,391177369074055,1000000000,12:39:37:22.144,0
V,214,391177385743123,1000000000,12:39:37:23.144,0
D,107,391177385743122,1000000000,12:39:37:23.144,0
V,215,391177402417481,1000000000,12:39:37:24.145,0
V,216,391177419084257,1000000000,12:39:37:25.145,0
D,108,391177419084257,1000000000,12:39:37:25.145,0
V,217,391177435751898,1000000000,12:39:37:26.145,0
V,218,391177452411507,1000000000,12:39:37:27.144,0
D,109,391177452411507,1000000000,12:39:37:27.144,0
V,219,391177469074534,1000000000,12:39:37:28.144,0
V,220,391177485749101,1000000000,12:39:37:29.144,0
D,110,391177485749102,1000000000,12:39:37:29.144,0
V,221,391177502416699,1000000000,12:39:37:30.145,0
V,222,391177519076601,1000000000,12:39:37:31.144,0
D,111,391177519076600,1000000000,12:39:37:31.144,0
V,223,391177535755085,1000000000,12:39:37:32.145,0
V,224,391177552421401,1000000000,12:39:37:33.145,0
D,112,391177552421401,1000000000,12:39:37:33.145,0
V,225,391177569089167,1000000000,12:39:37:34.145,0
V,226,391177585749402,1000000000,12:39:37:35.144,0
D,113,391177585749402,1000000000,12:39:37:35.144,0
V,227,391177602425427,1000000000,12:39:37:36.145,0
V,228,391177619083244,1000000000,12:39:37:37.144,0
D,114,391177619083244,1000000000,12:39:37:37.144,0
V,229,391177635748312,1000000000,12:39:37:38.144,0
V,230,391177652416378,1000000000,12:39:37:39.144,0
D,115,391177652416378,1000000000,12:39:37:39.144,0
V,231,391177669084061,1000000000,12:39:37:40.145,0
V,232,391177685757460,1000000000,12:39:37:41.145,0
D,116,391177685757460,1000000000,12:39:37:41.145,0
V,233,391177702421695,1000000000,12:39:37:42.145,0
V,234,391177719100429,1000000000,12:39:37:43.146,0
D,117,391177719100429,1000000000,12:39:37:43.146,0
V,235,391177735768111,1000000000,12:39:37:44.146,0
V,236,391177752432220,1000000000,12:39:37:45.145,0
D,118,391177752432219,1000000000,12:39:37:45.145,0
V,237,391177769103205,1000000000,12:39:37:46.146,0
V,238,391177785757272,1000000000,12:39:37:47.145,0
D,119,391177785757272,1000000000,12:39:37:47.145,0
V,239,391177802425038,1000000000,12:39:37:48.145,0
V,240,391177819091190,1000000000,12:39:37:49.145,0
D,120,391177819091190,1000000000,12:39:37:49.145,0
V,241,391177835776841,1000000000,12:39:37:50.146,0
V,242,391177852431825,1000000000,12:39:37:51.145,0
D,121,391177852431825,1000000000,12:39:37:51.145,0
V,243,391177869095016,1000000000,12:39:37:52.145,0
V,244,391177885762739,1000000000,12:39:37:53.145,0
D,122,391177885762740,1000000000,12:39:37:53.145,0
V,245,391177902429849,1000000000,12:39:37:54.145,0
V,246,391177919096749,1000000000,12:39:37:55.145,0
D,123,391177919096749,1000000000,12:39:37:55.145,0
V,247,391177935763108,1000000000,12:39:37:56.145,0
V,248,391177952443802,1000000000,12:39:37:57.146,0
D,124,391177952443802,1000000000,12:39:37:57.146,0
V,249,391177969111442,1000000000,12:39:37:58.146,0
V,250,391177985766967,1000000000,12:39:37:59.146,0
D,125,391177985766967,1000000000,12:39:37:59.146,0
V,251,391178002437243,1000000000,12:39:38:00.146,0
V,252,391178019107060,1000000000,12:39:38:01.146,0
D,126,391178019107060,1000000000,12:39:38:01.146,0
V,253,391178035774617,1000000000,12:39:38:02.146,0
V,254,391178052439309,1000000000,12:39:38:03.146,0
D,127,391178052439309,1000000000,12:39:38:03.146,0
V,255,391178069105127,1000000000,12:39:38:04.146,0
V,256,391178085772196,1000000000,12:39:38:05.146,0
D,128,391178085772195,1000000000,12:39:38:05.146,0
V,257,391178102439960,1000000000,12:39:38:06.146,0
V,258,391178119107070,1000000000,12:39:38:07.146,0
D,129,391178119107070,1000000000,12:39:38:07.146,0
V,259,391178135775305,1000000000,12:39:38:08.146,0
V,260,391178152447206,1000000000,12:39:38:09.146,0
D,130,391178152447205,1000000000,12:39:38:09.146,0
V,261,391178169109814,1000000000,12:39:38:10.146,0
V,262,391178185791798,1000000000,12:39:38:11.147,0
D,131,391178185791799,1000000000,12:39:38:11.147,0
V,263,391178202459438,1000000000,12:39:38:12.147,0
V,264,391178219124548,1000000000,12:39:38:13.147,0
D,132,391178219124548,1000000000,12:39:38:13.147,0
V,265,391178235781282,1000000000,12:39:38:14.146,0
V,266,391178252466558,1000000000,12:39:38:15.147,0
D,133,391178252466558,1000000000,12:39:38:15.147,0
V,267,391178269134238,1000000000,12:39:38:16.148,0
V,268,391178285788515,1000000000,12:39:38:17.147,0
D,134,391178285788515,1000000000,12:39:38:17.147,0
V,269,391178302457666,1000000000,12:39:38:18.147,0
V,270,391178319129566,1000000000,12:39:38:19.147,0
D,135,391178319129566,1000000000,12:39:38:19.147,0
V,271,391178335797330,1000000000,12:39:38:20.147,0
V,272,391178352454106,1000000000,12:39:38:21.147,0
D,136,391178352454106,1000000000,12:39:38:21.147,0
V,273,391178369123301,1000000000,12:39:38:22.147,0
V,274,391178385796867,1000000000,12:39:38:23.147,0
D,137,391178385796867,1000000000,12:39:38:23.147,0
V,275,391178402464714,1000000000,12:39:38:24.147,0
V,276,391178419121824,1000000000,12:39:38:25.147,0
D,138,391178419121824,1000000000,12:39:38:25.147,0
V,277,391178435791016,1000000000,12:39:38:26.147,0
V,278,391178452468292,1000000000,12:39:38:27.148,0
D,139,391178452468292,1000000000,12:39:38:27.148,0
V,279,391178469135932,1000000000,12:39:38:28.148,0
V,280,391178485804930,1000000000,12:39:38:29.148,0
D,140,391178485804930,1000000000,12:39:38:29.148,0
V,281,391178502472610,1000000000,12:39:38:30.148,0
V,282,391178519132301,1000000000,12:39:38:31.147,0
D,141,391178519132301,1000000000,12:39:38:31.147,0
V,283,391178535795453,1000000000,12:39:38:32.147,0
V,284,391178552475438,1000000000,12:39:38:33.148,0
D,142,391178552475438,1000000000,12:39:38:33.148,0
V,285,391178569143202,1000000000,12:39:38:34.148,0
V,286,391178585813144,1000000000,12:39:38:35.148,0
D,143,391178585813144,1000000000,12:39:38:35.148,0
V,287,391178602468878,1000000000,12:39:38:36.148,0
V,288,391178619143239,1000000000,12:39:38:37.148,0
D,144,391178619143239,1000000000,12:39:38:37.148,0
V,289,391178635810795,1000000000,12:39:38:38.148,0
V,290,391178652477695,1000000000,12:39:38:39.148,0
D,145,391178652477695,1000000000,12:39:38:39.148,0
V,291,391178669135138,1000000000,12:39:38:40.148,0
V,292,391178685807831,1000000000,12:39:38:41.148,0
D,146,391178685807832,1000000000,12:39:38:41.148,0
V,293,391178702489398,1000000000,12:39:38:42.149,0
V,294,391178719154966,1000000000,12:39:38:43.149,0
D,147,391178719154966,1000000000,12:39:38:43.149,0
V,295,391178735822564,1000000000,12:39:38:44.149,0
V,296,391178752487340,1000000000,12:39:38:45.149,0
D,148,391178752487340,1000000000,12:39:38:45.149,0
V,297,391178769148449,1000000000,12:39:38:46.148,0
V,298,391178785817018,1000000000,12:39:38:47.149,0
D,149,391178785817018,1000000000,12:39:38:47.149,0
V,299,391178802484739,1000000000,12:39:38:48.149,0
V,300,391178819145058,1000000000,12:39:38:49.148,0
D,150,391178819145058,1000000000,12:39:38:49.148,0
V,301,391178835813667,1000000000,12:39:38:50.148,0
V,302,391178852488403,1000000000,12:39:38:51.149,0
D,151,391178852488402,1000000000,12:39:38:51.149,0
V,303,391178869156166,1000000000,12:39:38:52.149,0
V,304,391178885813608,1000000000,12:39:38:53.148,0
D,152,391178885813608,1000000000,12:39:38:53.148,0
V,305,391178902499467,1000000000,12:39:38:54.149,0
V,306,391178919154410,1000000000,12:39:38:55.149,0
D,153,391178919154410,1000000000,12:39:38:55.149,0
V,307,391178935822049,1000000000,12:39:38:56.149,0
V,308,391178952485993,1000000000,12:39:38:57.149,0
D,154,391178952485993,1000000000,12:39:38:57.149,0
V,309,391178969156602,1000000000,12:39:38:58.149,0
V,310,391178985827002,1000000000,12:39:38:59.149,0
D,155,391178985827002,1000000000,12:39:38:59.149,0
V,311,391179002488905,1000000000,12:39:39:00.149,0
V,312,391179019168430,1000000000,12:39:39:01.150,0
D,156,391179019168429,1000000000,12:39:39:01.150,0
V,313,391179035836193,1000000000,12:39:39:02.150,0
V,314,391179052493845,1000000000,12:39:39:03.149,0
D,157,391179052493846,1000000000,12:39:39:03.149,0
V,315,391179069161831,1000000000,12:39:39:04.149,0
V,316,391179085826939,1000000000,12:39:39:05.149,0
D,158,391179085826939,1000000000,12:39:39:05.149,0
V,317,391179102494577,1000000000,12:39:39:06.149,0
V,318,391179119175022,1000000000,12:39:39:07.150,0
D,159,391179119175022,1000000000,12:39:39:07.150,0
V,319,391179135830840,1000000000,12:39:39:08.149,0
V,320,391179152499200,1000000000,12:39:39:09.149,0
D,160,391179152499200,1000000000,12:39:39:09.149,0
V,321,391179169166836,1000000000,12:39:39:10.150,0
V,322,391179185833447,1000000000,12:39:39:11.150,0
D,161,391179185833447,1000000000,12:39:39:11.150,0
V,323,391179202515015,1000000000,12:39:39:12.150,0
V,324,391179219173417,1000000000,12:39:39:13.150,0
D,162,391179219173417,1000000000,12:39:39:13.150,0
V,325,391179235848735,1000000000,12:39:39:14.150,0
V,326,391179252513054,1000000000,12:39:39:15.150,0
D,163,391179252513054,1000000000,12:39:39:15.150,0
V,327,391179269180733,1000000000,12:39:39:16.150,0
V,328,391179285838799,1000000000,12:39:39:17.150,0
D,164,391179285838799,1000000000,12:39:39:17.150,0
V,329,391179302502035,1000000000,12:39:39:18.150,0
V,330,391179319179979,1000000000,12:39:39:19.150,0
D,165,391179319179978,1000000000,12:39:39:19.150,0
V,331,391179335847657,1000000000,12:39:39:20.150,0
V,332,391179352511975,1000000000,12:39:39:21.150,0
D,166,391179352511976,1000000000,12:39:39:21.150,0
V,333,391179369190210,1000000000,12:39:39:22.151,0
V,334,391179385852821,1000000000,12:39:39:23.151,0
D,167,391179385852821,1000000000,12:39:39:23.151,0
V,335,391179402520499,1000000000,12:39:39:24.151,0
V,336,391179419179442,1000000000,12:39:39:25.150,0
D,168,391179419179442,1000000000,12:39:39:25.150,0
V,337,391179435857052,1000000000,12:39:39:26.151,0
V,338,391179452510706,1000000000,12:39:39:27.150,0
D,169,391179452510705,1000000000,12:39:39:27.150,0
V,339,391179469178300,1000000000,12:39:39:28.150,0
V,340,391179485846119,1000000000,12:39:39:29.150,0
D,170,391179485846119,1000000000,12:39:39:29.150,0
V,341,391179502528729,1000000000,12:39:39:30.151,0
V,342,391179519193755,1000000000,12:39:39:31.151,0
D,171,391179519193756,1000000000,12:39:39:31.151,0
V,343,391179535861433,1000000000,12:39:39:32.151,0
V,344,391179552523602,1000000000,12:39:39:33.151,0
D,172,391179552523601,1000000000,12:39:39:33.151,0
V,345,391179569191279,1000000000,12:39:39:34.151,0
V,346,391179585857640,1000000000,12:39:39:35.151,0
D,173,391179585857639,1000000000,12:39:39:35.151,0
V,347,391179602535624,1000000000,12:39:39:36.152,0
V,348,391179619201484,1000000000,12:39:39:37.152,0
D,174,391179619201484,1000000000,12:39:39:37.152,0
V,349,391179635869122,1000000000,12:39:39:38.152,0
V,350,391179652532523,1000000000,12:39:39:39.151,0
D,175,391179652532523,1000000000,12:39:39:39.151,0
V,351,391179669204049,1000000000,12:39:39:40.152,0
V,352,391179685856160,1000000000,12:39:39:41.151,0
D,176,391179685856159,1000000000,12:39:39:41.151,0
V,353,391179702523880,1000000000,12:39:39:42.151,0
V,354,391179719191697,1000000000,12:39:39:43.151,0
D,177,391179719191697,1000000000,12:39:39:43.151,0
V,355,391179735877806,1000000000,12:39:39:44.152,0
V,356,391179752531209,1000000000,12:39:39:45.151,0
D,178,391179752531210,1000000000,12:39:39:45.151,0
V,357,391179769193529,1000000000,12:39:39:46.151,0
V,358,391179785867182,1000000000,12:39:39:47.152,0
D,179,391179785867181,1000000000,12:39:39:47.152,0
V,359,391179802534900,1000000000,12:39:39:48.152,0
V,360,391179819202219,1000000000,12:39:39:49.152,0
D,180,391179819202219,1000000000,12:39:39:49.152,0
V,361,391179835883746,1000000000,12:39:39:50.153,0
V,362,391179852549815,1000000000,12:39:39:51.152,0
D,181,391179852549814,1000000000,12:39:39:51.152,0
V,363,391179869217533,1000000000,12:39:39:52.153,0
V,364,391179885868019,1000000000,12:39:39:53.152,0
D,182,391179885868018,1000000000,12:39:39:53.152,0
V,365,391179902552129,1000000000,12:39:39:54.153,0
V,366,391179919207865,1000000000,12:39:39:55.152,0
D,183,391179919207865,1000000000,12:39:39:55.152,0
V,367,391179935875541,1000000000,12:39:39:56.152,0
V,368,391179952554610,1000000000,12:39:39:57.153,0
D,184,391179952554610,1000000000,12:39:39:57.153,0
V,369,391179969219054,1000000000,12:39:39:58.153,0
V,370,391179985873372,1000000000,12:39:39:59.152,0
D,185,391179985873372,1000000000,12:39:39:59.152,0
V,371,391180002540924,1000000000,12:39:40:00.152,0
V,372,391180019226426,1000000000,12:39:40:01.153,0
D,186,391180019226427,1000000000,12:39:40:01.153,0
V,373,391180035894146,1000000000,12:39:40:02.153,0
V,374,391180052559215,1000000000,12:39:40:03.153,0
D,187,391180052559215,1000000000,12:39:40:03.153,0
V,375,391180069211909,1000000000,12:39:40:04.152,0
V,376,391180085889144,1000000000,12:39:40:05.153,0
D,188,391180085889144,1000000000,12:39:40:05.153,0
V,377,391180102556655,1000000000,12:39:40:06.153,0
V,378,391180119217015,1000000000,12:39:40:07.153,0
D,189,391180119217015,1000000000,12:39:40:07.153,0
V,379,391180135897377,1000000000,12:39:40:08.153,0
V,380,391180152553071,1000000000,12:39:40:09.153,0
D,190,391180152553071,1000000000,12:39:40:09.153,0
V,381,391180169220788,1000000000,12:39:40:10.153,0
V,382,391180185882941,1000000000,12:39:40:11.152,0
D,191,391180185882940,1000000000,12:39:40:11.152,0
V,383,391180202553051,1000000000,12:39:40:12.153,0
V,384,391180219218036,1000000000,12:39:40:13.153,0
D,192,391180219218036,1000000000,12:39:40:13.153,0
V,385,391180235885754,1000000000,12:39:40:14.153,0
V,386,391180252559824,1000000000,12:39:40:15.153,0
D,193,391180252559824,1000000000,12:39:40:15.153,0
V,387,391180269230351,1000000000,12:39:40:16.153,0
V,388,391180285892211,1000000000,12:39:40:17.153,0
D,194,391180285892212,1000000000,12:39:40:17.153,0
V,389,391180302560014,1000000000,12:39:40:18.153,0
V,390,391180319229848,1000000000,12:39:40:19.153,0
D,195,391180319229848,1000000000,12:39:40:19.153,0
V,391,391180335897443,1000000000,12:39:40:20.153,0
V,392,391180352577386,1000000000,12:39:40:21.154,0
D,196,391180352577386,1000000000,12:39:40:21.154,0
V,393,391180369225914,1000000000,12:39:40:22.153,0
V,394,391180385896314,1000000000,12:39:40:23.153,0
D,197,391180385896314,1000000000,12:39:40:23.153,0
V,395,391180402563909,1000000000,12:39:40:24.153,0
V,396,391180419228311,1000000000,12:39:40:25.153,0
D,198,391180419228311,1000000000,12:39:40:25.153,0
V,397,391180435895465,1000000000,12:39:40:26.153,0
V,398,391180452566158,1000000000,12:39:40:27.153,0
D,199,391180452566158,1000000000,12:39:40:27.153,0
V,399,391180469233877,1000000000,12:39:40:28.154,0
V,400,391180485897736,1000000000,12:39:40:29.153,0
D,200,391180485897735,1000000000,12:39:40:29.153,0
V,401,391180502571847,1000000000,12:39:40:30.154,0
V,402,391180519236040,1000000000,12:39:40:31.154,0
D,201,391180519236040,1000000000,12:39:40:31.154,0
V,403,391180535903760,1000000000,12:39:40:32.154,0
V,404,391180552582970,1000000000,12:39:40:33.154,0
D,202,391180552582971,1000000000,12:39:40:33.154,0
V,405,391180569250605,1000000000,12:39:40:34.155,0
V,406,391180585907632,1000000000,12:39:40:35.154,0
D,203,391180585907632,1000000000,12:39:40:35.154,0
V,407,391180602574160,1000000000,12:39:40:36.154,0
V,408,391180619253146,1000000000,12:39:40:37.155,0
D,204,391180619253146,1000000000,12:39:40:37.155,0
V,409,391180635920697,1000000000,12:39:40:38.155,0
V,410,391180652581808,1000000000,12:39:40:39.154,0
D,205,391180652581808,1000000000,12:39:40:39.154,0
V,411,391180669257626,1000000000,12:39:40:40.155,0
V,412,391180685916195,1000000000,12:39:40:41.154,0
D,206,391180685916195,1000000000,12:39:40:41.154,0
V,413,391180702583830,1000000000,12:39:40:42.155,0
V,414,391180719262440,1000000000,12:39:40:43.155,0
D,207,391180719262441,1000000000,12:39:40:43.155,0
V,415,391180735926635,1000000000,12:39:40:44.155,0
V,416,391180752588162,1000000000,12:39:40:45.155,0
D,208,391180752588162,1000000000,12:39:40:45.155,0
V,417,391180769255881,1000000000,12:39:40:46.155,0
V,418,391180785933866,1000000000,12:39:40:47.156,0
D,209,391180785933866,1000000000,12:39:40:47.156,0
V,419,391180802585936,1000000000,12:39:40:48.155,0
V,420,391180819257046,1000000000,12:39:40:49.155,0
D,210,391180819257046,1000000000,12:39:40:49.155,0
V,421,391180835924805,1000000000,12:39:40:50.155,0
V,422,391180852599227,1000000000,12:39:40:51.155,0
D,211,391180852599227,1000000000,12:39:40:51.155,0
V,423,391180869266819,1000000000,12:39:40:52.156,0
V,424,391180885929805,1000000000,12:39:40:53.155,0
D,212,391180885929805,1000000000,12:39:40:53.155,0
V,425,391180902586706,1000000000,12:39:40:54.155,0
V,426,391180919262567,1000000000,12:39:40:55.155,0
D,213,391180919262567,1000000000,12:39:40:55.155,0
V,427,391180935930202,1000000000,12:39:40:56.155,0
V,428,391180952598021,1000000000,12:39:40:57.155,0
D,214,391180952598021,1000000000,12:39:40:57.155,0
V,429,391180969272174,1000000000,12:39:40:58.156,0
V,430,391180985934534,1000000000,12:39:40:59.156,0
D,215,391180985934535,1000000000,12:39:40:59.156,0
V,431,391181002602085,1000000000,12:39:41:00.156,0
V,432,391181019264863,1000000000,12:39:41:01.155,0
D,216,391181019264864,1000000000,12:39:41:01.155,0
V,433,391181035929473,1000000000,12:39:41:02.155,0
V,434,391181052601459,1000000000,12:39:41:03.156,0
D,217,391181052601459,1000000000,12:39:41:03.156,0
V,435,391181069269135,1000000000,12:39:41:04.156,0
V,436,391181085948620,1000000000,12:39:41:05.156,0
D,218,391181085948620,1000000000,12:39:41:05.156,0
V,437,391181102599731,1000000000,12:39:41:06.155,0
V,438,391181119271342,1000000000,12:39:41:07.156,0
D,219,391181119271342,1000000000,12:39:41:07.156,0
V,439,391181135935868,1000000000,12:39:41:08.156,0
V,440,391181152606813,1000000000,12:39:41:09.156,0
D,220,391181152606814,1000000000,12:39:41:09.156,0
V,441,391181169274489,1000000000,12:39:41:10.156,0
V,442,391181185953934,1000000000,12:39:41:11.157,0
D,221,391181185953933,1000000000,12:39:41:11.157,0
V,443,391181202614002,1000000000,12:39:41:12.156,0
V,444,391181219280613,1000000000,12:39:41:13.156,0
D,222,391181219280613,1000000000,12:39:41:13.156,0
V,445,391181235948414,1000000000,12:39:41:14.156,0
V,446,391181252607733,1000000000,12:39:41:15.156,0
D,223,391181252607733,1000000000,12:39:41:15.156,0
V,447,391181269273802,1000000000,12:39:41:16.156,0
V,448,391181285942497,1000000000,12:39:41:17.156,0
D,224,391181285942496,1000000000,12:39:41:17.156,0
V,449,391181302610173,1000000000,12:39:41:18.156,0
V,450,391181319291699,1000000000,12:39:41:19.157,0
D,225,391181319291699,1000000000,12:39:41:19.157,0
V,451,391181335961935,1000000000,12:39:41:20.157,0
V,452,391181352615254,1000000000,12:39:41:21.156,0
D,226,391181352615254,1000000000,12:39:41:21.156,0
V,453,391181369293991,1000000000,12:39:41:22.157,0
V,454,391181385962934,1000000000,12:39:41:23.157,0
D,227,391181385962934,1000000000,12:39:41:23.157,0
V,455,391181402630442,1000000000,12:39:41:24.157,0
V,456,391181419284137,1000000000,12:39:41:25.157,0
D,228,391181419284137,1000000000,12:39:41:25.157,0
V,457,391181435948417,1000000000,12:39:41:26.156,0
V,458,391181452630734,1000000000,12:39:41:27.157,0
D,229,391181452630734,1000000000,12:39:41:27.157,0
V,459,391181469298285,1000000000,12:39:41:28.157,0
V,460,391181485952272,1000000000,12:39:41:29.157,0
D,230,391181485952272,1000000000,12:39:41:29.157,0
V,461,391181502618173,1000000000,12:39:41:30.157,0
V,462,391181519295868,1000000000,12:39:41:31.157,0
D,231,391181519295868,1000000000,12:39:41:31.157,0
V,463,391181535963501,1000000000,12:39:41:32.157,0
V,464,391181552624445,1000000000,12:39:41:33.157,0
D,232,391181552624445,1000000000,12:39:41:33.157,0
V,465,391181569289974,1000000000,12:39:41:34.157,0
V,466,391181585961751,1000000000,12:39:41:35.157,0
D,233,391181585961751,1000000000,12:39:41:35.157,0
V,467,391181602629426,1000000000,12:39:41:36.157,0
V,468,391181619306139,1000000000,12:39:41:37.158,0
D,234,391181619306139,1000000000,12:39:41:37.158,0
V,469,391181635973940,1000000000,12:39:41:38.158,0
V,470,391181652632884,1000000000,12:39:41:39.157,0
D,235,391181652632883,1000000000,12:39:41:39.157,0
V,471,391181669312453,1000000000,12:39:41:40.158,0
V,472,391181685974272,1000000000,12:39:41:41.158,0
D,236,391181685974272,1000000000,12:39:41:41.158,0
V,473,391181702641906,1000000000,12:39:41:42.158,0
V,474,391181719306184,1000000000,12:39:41:43.158,0
D,237,391181719306184,1000000000,12:39:41:43.158,0
V,475,391181735979128,1000000000,12:39:41:44.158,0
V,476,391181752635281,1000000000,12:39:41:45.158,0
D,238,391181752635281,1000000000,12:39:41:45.158,0
V,477,391181769302997,1000000000,12:39:41:46.158,0
V,478,391181785971108,1000000000,12:39:41:47.158,0
D,239,391181785971108,1000000000,12:39:41:47.158,0
V,479,391181802645928,1000000000,12:39:41:48.158,0
V,480,391181819306662,1000000000,12:39:41:49.158,0
D,240,391181819306662,1000000000,12:39:41:49.158,0
V,481,391181835974214,1000000000,12:39:41:50.158,0
V,482,391181852638450,1000000000,12:39:41:51.158,0
D,241,391181852638450,1000000000,12:39:41:51.158,0
V,483,391181869322685,1000000000,12:39:41:52.159,0
V,484,391181885981588,1000000000,12:39:41:53.158,0
D,242,391181885981589,1000000000,12:39:41:53.158,0
V,485,391181902642408,1000000000,12:39:41:54.158,0
V,486,391181919315726,1000000000,12:39:41:55.158,0
D,243,391181919315726,1000000000,12:39:41:55.158,0
V,487,391181935983360,1000000000,12:39:41:56.159,0
V,488,391181952642680,1000000000,12:39:41:57.158,0
D,244,391181952642680,1000000000,12:39:41:57.158,0
V,489,391181969311125,1000000000,12:39:41:58.158,0
V,490,391181985983818,1000000000,12:39:41:59.159,0
D,245,391181985983818,1000000000,12:39:41:59.159,0
V,491,391182002651494,1000000000,12:39:42:00.159,0
V,492,391182019320147,1000000000,12:39:42:01.159,0
D,246,391182019320147,1000000000,12:39:42:01.159,0
V,493,391182035981341,1000000000,12:39:42:02.158,0
V,494,391182052651368,1000000000,12:39:42:03.159,0
D,247,391182052651369,1000000000,12:39:42:03.159,0
V,495,391182069318961,1000000000,12:39:42:04.159,0
V,496,391182086000113,1000000000,12:39:42:05.160,0
D,248,391182086000113,1000000000,12:39:42:05.160,0
V,497,391182102664307,1000000000,12:39:42:06.159,0
V,498,391182119323500,1000000000,12:39:42:07.159,0
D,249,391182119323501,1000000000,12:39:42:07.159,0
V,499,391182135987821,1000000000,12:39:42:08.159,0
V,500,391182152655496,1000000000,12:39:42:09.159,0
D,250,391182152655496,1000000000,12:39:42:09.159,0
V,501,391182169333982,1000000000,12:39:42:10.160,0
V,502,391182185996385,1000000000,12:39:42:11.159,0
D,251,391182185996384,1000000000,12:39:42:11.159,0
V,503,391182202655288,1000000000,12:39:42:12.159,0
V,504,391182219340064,1000000000,12:39:42:13.160,0
D,252,391182219340065,1000000000,12:39:42:13.160,0
V,505,391182236007823,1000000000,12:39:42:14.160,0
V,506,391182252676933,1000000000,12:39:42:15.160,0
D,253,391182252676933,1000000000,12:39:42:15.160,0
V,507,391182269338295,1000000000,12:39:42:16.160,0
V,508,391182286005614,1000000000,12:39:42:17.160,0
D,254,391182286005614,1000000000,12:39:42:17.160,0
V,509,391182302673205,1000000000,12:39:42:18.160,0
V,510,391182319346734,1000000000,12:39:42:19.160,0
D,255,391182319346733,1000000000,12:39:42:19.160,0
V,511,391182336002469,1000000000,12:39:42:20.160,0
V,512,391182352670455,1000000000,12:39:42:21.160,0
D,256,391182352670455,1000000000,12:39:42:21.160,0
V,513,391182369338215,1000000000,12:39:42:22.160,0
V,514,391182386012491,1000000000,12:39:42:23.160,0
D,257,391182386012492,1000000000,12:39:42:23.160,0
V,515,391182402683102,1000000000,12:39:42:24.160,0
V,516,391182419350422,1000000000,12:39:42:25.161,0
D,258,391182419350423,1000000000,12:39:42:25.161,0
V,517,391182436018825,1000000000,12:39:42:26.161,0
V,518,391182452674268,1000000000,12:39:42:27.160,0
D,259,391182452674269,1000000000,12:39:42:27.160,0
V,519,391182469341903,1000000000,12:39:42:28.160,0
V,520,391182486020056,1000000000,12:39:42:29.161,0
D,260,391182486020056,1000000000,12:39:42:29.161,0
V,521,391182502687521,1000000000,12:39:42:30.161,0
V,522,391182519338486,1000000000,12:39:42:31.160,0
D,261,391182519338487,1000000000,12:39:42:31.160,0
V,523,391182536006245,1000000000,12:39:42:32.160,0
V,524,391182552685896,1000000000,12:39:42:33.161,0
D,262,391182552685896,1000000000,12:39:42:33.161,0
V,525,391182569358717,1000000000,12:39:42:34.161,0
V,526,391182586016952,1000000000,12:39:42:35.161,0
D,263,391182586016952,1000000000,12:39:42:35.161,0
V,527,391182602684585,1000000000,12:39:42:36.161,0
V,528,391182619351904,1000000000,12:39:42:37.161,0
D,264,391182619351905,1000000000,12:39:42:37.161,0
V,529,391182636016265,1000000000,12:39:42:38.160,0
V,530,391182652694293,1000000000,12:39:42:39.161,0
D,265,391182652694294,1000000000,12:39:42:39.161,0
V,531,391182669362094,1000000000,12:39:42:40.161,0
